{"cameraMode":{"drawMode":0,"name":"Shaded","section":"Shading Mode"},"sceneLighting":false,"audioPlay":false,"sceneViewState":{"m_AlwaysRefresh":false,"showFog":true,"showSkybox":false,"showFlares":true,"showImageEffects":true,"showParticleSystems":true,"showVisualEffectGraphs":true,"m_FxEnabled":true},"in2DMode":false,"pivot":{"x":4.0929999351501469,"y":0.9387500286102295,"z":1.1549999713897706},"rotation":{"x":0.26181086897850039,"y":0.0014476715587079526,"z":-0.00039273707079701126,"w":0.9651182889938355},"size":1.0350128412246705,"orthographic":true}